id,name,read,pattern,sequence,feature_type,library_pattern
PBT_01,PBT_01-TSC1-C0251,R2,5PNNNNNNNNNN(BC),GTCAACTCTTTAGCG,Antibody Capture,AdUp01
PBT_02,PBT_02-TSC7-C0257,R2,5PNNNNNNNNNN(BC),TGTCTTTCCTGCCAG,Antibody Capture,AdUp01
PBT_03,PBT_03-Hashtag4-C0254,R2,5PNNNNNNNNNN(BC),AGTAAGTTCAGCGTA,Antibody Capture,AdUp05
PBT_04,PBT_04-TSC1-C0251,R2,5PNNNNNNNNNN(BC),GTCAACTCTTTAGCG,Antibody Capture,AdUp04
PBT_05,PBT_05-TSC3-C0253,R2,5PNNNNNNNNNN(BC),TTCCGCCTCTCTTTG,Antibody Capture,AdUp01
PBT_06,PBT_06-Hashtag3-C0253,R2,5PNNNNNNNNNN(BC),TTCCGCCTCTCTTTG,Antibody Capture,AdUp07
PBT_07,PBT_07-TSC9-C0259,R2,5PNNNNNNNNNN(BC),CAGTAGTCACGGTCA,Antibody Capture,AdUp04
PBT_08,PBT_08-Hashtag6-C0256,R2,5PNNNNNNNNNN(BC),GGTTGCCAGATGTCA,Antibody Capture,AdUp05
PBT_09,PBT_09-TSC1-C0251,R2,5PNNNNNNNNNN(BC),GTCAACTCTTTAGCG,Antibody Capture,AdUp02
PBT_10,PBT_10-TSC4-C0254,R2,5PNNNNNNNNNN(BC),AGTAAGTTCAGCGTA,Antibody Capture,AdUp01
PBT_11,PBT_11-TSC8-C0258,R2,5PNNNNNNNNNN(BC),CTCCTCTGCAATTAC,Antibody Capture,AdUp01
PBT_12,PBT_12-TSC6-C0256,R2,5PNNNNNNNNNN(BC),GGTTGCCAGATGTCA,Antibody Capture,AdUp01
PBT_13,PBT_13-TSC7-C0257,R2,5PNNNNNNNNNN(BC),TGTCTTTCCTGCCAG,Antibody Capture,AdUp04
PBT_14,PBT_14-TSC6-C0256,R2,5PNNNNNNNNNN(BC),GGTTGCCAGATGTCA,Antibody Capture,AdUp04
PBT_15,PBT_15-Hashtag1-C0251,R2,5PNNNNNNNNNN(BC),GTCAACTCTTTAGCG,Antibody Capture,AdUp07
PBT_16,PBT_16-Hashtag6-C0256,R2,5PNNNNNNNNNN(BC),GGTTGCCAGATGTCA,Antibody Capture,AdUp07
PBT_17,PBT_17-TSC4-C0254,R2,5PNNNNNNNNNN(BC),AGTAAGTTCAGCGTA,Antibody Capture,AdUp04
PBT_18,PBT_18-Hashtag9-C0259,R2,5PNNNNNNNNNN(BC),CAGTAGTCACGGTCA,Antibody Capture,AdUp05
PBT_19,PBT_19-Hashtag2-C0252,R2,5PNNNNNNNNNN(BC),TGATGGCCTATTGGG,Antibody Capture,AdUp05
PBT_20,PBT_20-TSC7-C0257,R2,5PNNNNNNNNNN(BC),TGTCTTTCCTGCCAG,Antibody Capture,AdUp02
PBT_21,PBT_21-TSC2-C0252,R2,5PNNNNNNNNNN(BC),TGATGGCCTATTGGG,Antibody Capture,AdUp02
PBT_22,PBT_22-TSC8-C0258,R2,5PNNNNNNNNNN(BC),CTCCTCTGCAATTAC,Antibody Capture,AdUp04
PBT_23,PBT_23-TSC3-C0253,R2,5PNNNNNNNNNN(BC),TTCCGCCTCTCTTTG,Antibody Capture,AdUp04
PBT_24,PBT_24-TSC3-C0253,R2,5PNNNNNNNNNN(BC),TTCCGCCTCTCTTTG,Antibody Capture,AdUp02
PBT_25,PBT_25-TSC10-C0260,R2,5PNNNNNNNNNN(BC),ATTGACCCGCGTTAG,Antibody Capture,AdUp02
PBT_26,PBT_26-TSC4-C0254,R2,5PNNNNNNNNNN(BC),AGTAAGTTCAGCGTA,Antibody Capture,AdUp02
PBT_27,PBT_27-Hashtag7-C0257,R2,5PNNNNNNNNNN(BC),TGTCTTTCCTGCCAG,Antibody Capture,AdUp05
PBT_28,PBT_28-Hashtag8-C0258,R2,5PNNNNNNNNNN(BC),CTCCTCTGCAATTAC,Antibody Capture,AdUp05
PBT_29,PBT_29-TSC5-C0255,R2,5PNNNNNNNNNN(BC),AAGTATCGTTTCGCA,Antibody Capture,AdUp04
PBT_30,PBT_30-TSC5-C0255,R2,5PNNNNNNNNNN(BC),AAGTATCGTTTCGCA,Antibody Capture,AdUp02
PBT_31,PBT_31-TSC2-C0252,R2,5PNNNNNNNNNN(BC),TGATGGCCTATTGGG,Antibody Capture,AdUp04
PBT_32,PBT_32-TSC8-C0258,R2,5PNNNNNNNNNN(BC),CTCCTCTGCAATTAC,Antibody Capture,AdUp02
PBT_33,PBT_33-Hashtag3-C0253,R2,5PNNNNNNNNNN(BC),TTCCGCCTCTCTTTG,Antibody Capture,AdUp05
PBT_34,PBT_34-Hashtag5-C0255,R2,5PNNNNNNNNNN(BC),AAGTATCGTTTCGCA,Antibody Capture,AdUp07
PBT_35,PBT_35-TSC2-C0252,R2,5PNNNNNNNNNN(BC),TGATGGCCTATTGGG,Antibody Capture,AdUp01
PBT_36,PBT_36-Hashtag4-C0254,R2,5PNNNNNNNNNN(BC),AGTAAGTTCAGCGTA,Antibody Capture,AdUp07
PBT_37,PBT_37-Hashtag7-C0257,R2,5PNNNNNNNNNN(BC),TGTCTTTCCTGCCAG,Antibody Capture,AdUp07
PBT_38,PBT_38-Hashtag1-C0251,R2,5PNNNNNNNNNN(BC),GTCAACTCTTTAGCG,Antibody Capture,AdUp05